actor_id,movie_id
6968,512
6968,1124
6968,1381
6968,2080
6968,11232
6968,11619
6968,6972
6968,7092
6968,7131
6968,9705
6968,27074
6968,12658
6968,13018
6968,9836
6968,36657
6968,36658
6968,36668
6968,14775
6968,212879
6968,38931
6968,39254
6968,68044
6968,49538
6968,81188
6968,82695
6968,84242
6968,75301
6968,85088
6968,58882
6968,87818
6968,79697
6968,936992
6968,127585
6968,146233
6968,1161335
6968,703398
6968,213807
6968,70545
6968,263115
6968,266647
6968,76170
6968,79242
6968,198184
6968,301959
6968,181533
6968,316029
6968,319888
6968,308369
6968,342493
6968,357068
6968,79583
6968,1284465
6968,378386
6968,228088
6968,1301421
6968,246655
6968,1318680
6968,1320721
6968,533535
6968,1335177
6968,447117
6968,447133
6968,447147
6968,447158
6968,476764
6968,238478
6968,458253
6968,525228
6968,530723
6968,566838
6968,196241
6968,579047
6968,396567
6968,685931
6968,447399
6968,559798
6968,806368
6968,550988
6968,712591
6968,1371185
6968,305091
6968,1386628
6968,1090870
6968,1412500
6968,1412534
6968,350675
6968,1422711
6968,1458039
6968,1477506
6968,1480034
6968,938926
6968,1353408
6968,126314
6968,1493380
6968,817127
6968,1545240
6968,1403836
192,33
192,70
192,74
192,155
192,186
192,272
192,278
192,310
192,403
192,505
192,872137
192,2043
192,1441
192,1623
192,10027
192,807
192,10562
192,10064
192,2357
192,1947
192,2698
192,10480
192,4614
192,4771
192,30172
192,21052
192,11258
192,22954
192,11560
192,7350
192,357320
192,6171
192,6950
192,31601
192,24271
192,11831
192,8367
192,31679
192,8656
192,12123
192,8909
192,26254
192,9437
192,949439
192,12634
192,9586
192,9665
192,34158
192,13799
192,13823
192,42141
192,14441
192,14313
192,14621
192,14979
192,60631
192,5492
192,61896
192,62837
192,38292
192,64945
192,39514
192,49026
192,921890
192,18989
192,50081
192,71741
192,934641
192,91767
192,935916
192,1134108
192,75612
192,75656
192,937249
192,85088
192,939979
192,87400
192,79893
192,101731
192,1144811
192,104535
192,126286
192,150346
192,113290
192,155060
192,153076
192,367690
192,117263
192,157353
192,1158401
192,136296
192,137093
192,137106
192,173458
192,250155
192,238827
192,240704
192,240832
192,227735
192,227585
192,247426
192,267860
192,269487
192,286521
192,290796
192,290797
192,290809
192,291805
192,302710
192,537745
192,1208125
192,420786
192,271969
192,1128505
192,322525
192,308504
192,244910
192,214756
192,346808
192,347587
192,205989
192,353070
192,1065302
192,295560
192,198228
192,729031
192,1039896
192,558595
192,169173
192,361190
192,961722
192,1242980
192,425274
192,42687
192,33249
192,386089
192,387385
192,398177
192,1291143
192,403579
192,405806
192,1316770
192,1323866
192,426543
192,434667
192,1339213
192,37430
192,107331
192,423204
192,464655
192,25781
192,475970
192,477595
192,529983
192,525638
192,546312
192,312639
192,522931
192,20540
192,613562
192,535845
192,650783
192,208661
192,692293
192,692294
192,701660
192,702920
192,703363
192,54737
192,735814
192,741204
192,774426
192,776526
192,151043
192,694747
192,800787
192,804435
192,484718
192,35684
192,838773
192,844742
192,847253
192,187586
192,862552
192,357321
192,1374855
192,1406326
192,1421243
192,1428853
192,366633
192,1394384
192,1486770
192,1515435
192,1517573
192,1517576
192,405931
192,1667
192,309481
64295,10250
64295,799583
64295,33314
64295,755679
64295,1137888
64295,101299
64295,196235
64295,385687
64295,974036
64295,288171
64295,279096
64295,1021986
64295,1021107
64295,87513
64295,1248226
64295,17927
64295,252838
64295,98566
64295,1265609
64295,308531
64295,410659
64295,381237
64295,532893
64295,553636
64295,608195
64295,609734
64295,57478
64295,791469
64295,1365842
64295,1377237
64295,1485673
64295,1517372
64295,1525983
64295,1541388
2331879,920728
2331879,1289208
1373737,877657
1373737,1088561
1373737,1100099
1373737,936643
1373737,1152711
1373737,693134
1373737,315162
1373737,294741
1373737,986056
1373737,872585
1373737,1041577
1373737,1284571
1373737,410117
1373737,1003598
1373737,1003596
1373737,399035
1373737,445629
1373737,454227
1373737,481375
1373737,513427
1373737,520372
1373737,331482
1373737,530385
1373737,539572
1373737,592747
1373737,497698
1373737,619730
1373737,746358
1373737,776864
1373737,795600
1373737,800787
1373737,823766
1373737,1170608
1373737,1506455
1373737,1566782
1907997,793602
1907997,1075027
1907997,1075046
1907997,1082010
1907997,1106559
1907997,925280
1907997,1016109
1907997,1123516
1907997,937406
1907997,938092
1907997,938090
1907997,938086
1907997,938888
1907997,854670
1907997,900501
1907997,721188
1907997,859214
1907997,948635
1907997,1171624
1907997,932802
1907997,865463
1907997,1180379
1907997,992354
1907997,919602
1907997,917098
1907997,721187
1907997,505283
1907997,954683
1907997,951534
1907997,1015975
1907997,1015971
1907997,1016011
1907997,1016013
1907997,992824
1907997,1016018
1907997,975247
1907997,1016042
1907997,1016036
1907997,1016099
1907997,892222
1907997,1016063
1907997,1016088
1907997,1016103
1907997,436136
1907997,970145
1907997,1016131
1907997,1016128
1907997,936559
1907997,1016166
1907997,1016276
1907997,1016282
1907997,517256
1907997,1016312
1907997,947039
1907997,622668
1907997,924908
1907997,753053
1907997,862772
1907997,721174
1907997,973529
1907997,652843
1907997,544581
1907997,859864
1907997,452251
1907997,499911
1907997,643242
1907997,538751
1907997,1018270
1907997,554447
1907997,508081
1907997,1018337
1907997,1018334
1907997,860419
1907997,1021574
1907997,983294
1907997,1021577
1907997,1223142
1907997,1016781
1907997,1230098
1907997,1231897
1907997,1231924
1907997,1231940
1907997,1225482
1907997,1232226
1907997,1229446
1907997,938091
1907997,1237169
1907997,437542
1907997,1234720
1907997,1236183
1907997,1040763
1907997,995866
1907997,1239122
1907997,1236401
1907997,1234966
1907997,1240346
1907997,1240773
1907997,1240781
1907997,1240815
1907997,1241190
1907997,1241186
1907997,1241612
1907997,1241615
1907997,1241772
1907997,696302
1907997,1245174
1907997,1248394
1907997,1248485
1907997,1248482
1907997,940675
1907997,1252499
1907997,940646
1907997,854658
1907997,1254604
1907997,1268663
1907997,507325
1907997,603921
1907997,704032
1907997,1063583
1907997,698761
1907997,682708
1907997,1074610
1907997,1074636
1907997,1283846
1907997,1285600
1907997,1286262
1907997,1294389
1907997,1299314
1907997,1312005
1907997,1315905
1907997,1316057
1907997,721164
1907997,763633
1907997,471819
1907997,482204
1907997,493125
1907997,490189
1907997,499753
1907997,511642
1907997,511652
1907997,554462
1907997,574939
1907997,596974
1907997,607397
1907997,619433
1907997,647087
1907997,650273
1907997,652628
1907997,651045
1907997,654374
1907997,652836
1907997,653122
1907997,656958
1907997,657654
1907997,660653
1907997,660803
1907997,663172
1907997,664044
1907997,664040
1907997,666950
1907997,671074
1907997,669289
1907997,672722
1907997,677113
1907997,677115
1907997,677118
1907997,673407
1907997,673412
1907997,680331
1907997,685833
1907997,685090
1907997,685092
1907997,688302
1907997,689948
1907997,691655
1907997,692454
1907997,694940
1907997,694939
1907997,697251
1907997,695995
1907997,698779
1907997,698746
1907997,698782
1907997,495112
1907997,573771
1907997,437027
1907997,698818
1907997,455761
1907997,465595
1907997,682908
1907997,643264
1907997,700548
1907997,506491
1907997,684498
1907997,698963
1907997,699134
1907997,699172
1907997,699169
1907997,629792
1907997,450636
1907997,700950
1907997,700958
1907997,700869
1907997,451417
1907997,698009
1907997,643274
1907997,503607
1907997,703498
1907997,452726
1907997,704176
1907997,704180
1907997,505292
1907997,706518
1907997,708990
1907997,398222
1907997,430384
1907997,712338
1907997,456456
1907997,713353
1907997,713607
1907997,715279
1907997,355037
1907997,481994
1907997,716586
1907997,716596
1907997,698343
1907997,500525
1907997,718871
1907997,721084
1907997,720268
1907997,701112
1907997,720716
1907997,725059
1907997,725405
1907997,724109
1907997,727209
1907997,726363
1907997,729106
1907997,729298
1907997,729304
1907997,729307
1907997,729858
1907997,733721
1907997,730849
1907997,734110
1907997,731159
1907997,736091
1907997,723298
1907997,736424
1907997,645705
1907997,498888
1907997,739366
1907997,740269
1907997,740543
1907997,744148
1907997,745323
1907997,748501
1907997,745921
1907997,745916
1907997,745905
1907997,745901
1907997,747358
1907997,747365
1907997,753012
1907997,757764
1907997,773559
1907997,768137
1907997,729097
1907997,810509
1907997,852358
1907997,852319
1907997,852361
1907997,853033
1907997,853282
1907997,853315
1907997,853376
1907997,853696
1907997,860317
1907997,1354959
1907997,1355193
1907997,1387627
1907997,1387628
1907997,1398372
1907997,927611
1907997,963262
1907997,799348
1907997,854684
1907997,1432034
1907997,1432053
1907997,1432046
1907997,861819
1907997,861261
1907997,1460819
1907997,1465984
1907997,1469807
1907997,1470950
1907997,1470964
1907997,1470984
1907997,1470993
1907997,1470995
1907997,1470953
1907997,1474807
1907997,996891
1907997,1503285
1907997,952033
1907997,990377
1907997,943303
1907997,930105
1907997,943315
1907997,919142
1907997,1538261
1907997,1525963
1907997,918769
1907997,1553985
1907997,1554620
117642,873627
117642,1058644
117642,894022
117642,37430
117642,1115030
117642,19084
117642,81759
117642,755679
117642,70074
117642,385687
117642,1115131
117642,298618
117642,1139426
117642,445684
117642,1134978
117642,950640
117642,950387
117642,961924
117642,869618
117642,972235
117642,1168190
117642,1020047
117642,268060
117642,209112
117642,290555
117642,141052
117642,299939
117642,297802
117642,572802
117642,316154
117642,345915
117642,1061321
117642,746036
117642,430264
117642,459910
117642,280217
117642,438631
117642,619297
117642,620492
117642,645487
117642,668461
117642,706607
117642,56427
117642,754452
117642,791373
117642,1403678
117642,1081003
117642,423377
117642,1433330
117642,1170608
117642,1461524
117642,1153576
117642,1492204
117642,956057
117642,1452635
117642,1515139
117642,1532786
1152083,873840
1152083,906404
1152083,149509
1152083,1217281
1152083,120802
1152083,360606
1152083,1299597
1152083,470044
1152083,586458
1152083,612706
1152083,625450
1152083,630566
1152083,702920
1152083,819309
1152083,772272
1152083,1358820
1152083,1032659
1152083,1435698
1152083,1548113
1152083,1503615
1152083,1542287
1152083,1548738
1152083,1579063
1400657,297667
1400657,412991
1400657,1327841
16483,1246
16483,1366
16483,1367
16483,1368
16483,1369
16483,1370
16483,1371
16483,1374
16483,1375
16483,2142
16483,1825
16483,1835
16483,2636
16483,10375
16483,10461
16483,10477
16483,4255
16483,10788
16483,21241
16483,11228
16483,1082956
16483,21610
16483,23916
16483,7555
16483,11890
16483,8916
16483,12279
16483,9482
16483,9739
16483,9350
16483,9618
16483,9972
16483,13282
16483,27578
16483,9874
16483,9691
16483,9876
16483,13437
16483,447365
16483,28932
16483,29332
16483,14576
16483,38317
16483,16551
16483,46122
16483,64807
16483,38925
16483,1114615
16483,436969
16483,17360
16483,18710
16483,81830
16483,70074
16483,456279
16483,42593
16483,38027
16483,76163
16483,1146302
16483,1142904
16483,107846
16483,145308
16483,6949
16483,138103
16483,718107
16483,208450
16483,174383
16483,251994
16483,33166
16483,1182387
16483,209416
16483,1196162
16483,85807
16483,629543
16483,466
16483,1207878
16483,48446
16483,19221
16483,537745
16483,607
16483,315064
16483,11302
16483,1231190
16483,1233013
16483,117389
16483,315359
16483,1165487
16483,1245085
16483,1249289
16483,312221
16483,194757
16483,1069713
16483,53943
16483,1127399
16483,327154
16483,173467
16483,126314
16483,1103705
16483,13636
16483,1275269
16483,366633
16483,1229197
16483,1275176
16483,178619
16483,385715
16483,377380
16483,283995
16483,833818
16483,1313181
16483,421057
16483,440471
16483,445832
16483,78149
16483,480530
16483,480042
16483,651
16483,512412
16483,522938
16483,571041
16483,367692
16483,601313
16483,629176
16483,649861
16483,299054
16483,2334
16483,251278
16483,759039
16483,234004
16483,782546
16483,636838
16483,761892
16483,10805
16483,1359736
16483,1372942
16483,1396663
16483,1053954
16483,445763
16483,1480771
16483,1529761
16483,881778
16483,895595
16483,860578
16483,159064
17142,773
17142,10591
17142,20161
17142,5178
17142,7345
17142,26320
17142,14940
17142,15380
17142,37834
17142,16523
17142,17113
17142,47088
17142,18734
17142,49849
17142,84201
17142,57120
17142,76203
17142,59967
17142,78571
17142,103332
17142,111885
17142,146233
17142,134803
17142,966011
17142,267060
17142,271714
17142,1201609
17142,792293
17142,20021
17142,11081
17142,310593
17142,347031
17142,1291659
17142,17187
17142,387426
17142,8324
17142,414906
17142,753482
17142,567748
17142,801754
17142,804095
17142,636706
17142,1480016
17142,1523135
1892,161
1892,163
1892,231
1892,298
1892,857
1892,489
1892,1247
1892,1213
1892,1422
1892,10220
1892,2255
1892,1792
1892,1832
1892,2502
1892,2503
1892,1956
1892,10684
1892,37270
1892,4442
1892,4958
1892,11191
1892,21355
1892,22954
1892,22972
1892,11323
1892,7450
1892,7797
1892,1089625
1892,11975
1892,9023
1892,9352
1892,35588
1892,41369
1892,14684
1892,38050
1892,44603
1892,44639
1892,44754
1892,44264
1892,681947
1892,957304
1892,39538
1892,789323
1892,65759
1892,68724
1892,164121
1892,74465
1892,126314
1892,414353
1892,414355
1892,952421
1892,152760
1892,1152711
1892,157834
1892,133694
1892,157336
1892,119675
1892,964980
1892,639720
1892,824817
1892,103733
1892,1178155
1892,1182551
1892,4912
1892,616037
1892,711
1892,2294
1892,286217
1892,872585
1892,311324
1892,324668
1892,2501
1892,1015595
1892,1059064
1892,729031
1892,9541
1892,63472
1892,1278360
1892,1188208
1892,1306368
1892,395458
1892,301337
1892,421785
1892,58021
1892,446610
1892,11086
1892,284053
1892,26626
1892,33150
1892,457024
1892,214137
1892,293399
1892,54994
1892,489417
1892,467660
1892,383498
1892,359724
1892,567604
1892,603459
1892,616651
1892,440762
1892,617653
1892,8880
1892,30172
1892,75760
1892,277388
1892,285278
1892,686807
1892,687754
1892,687771
1892,402970
1892,755688
1892,649409
1892,453150
1892,1368337
1892,1377468
1892,1409066
1892,104301
1892,1486770
1892,1491034
1892,2323
1892,1531825
1892,1422045
1892,1581598
1813,142
1813,10521
1813,2977
1813,10982
1813,11130
1813,11665
1813,12155
1813,32856
1813,9880
1813,13944
1813,1101383
1813,14442
1813,29339
1813,1102883
1813,14695
1813,14976
1813,43347
1813,503417
1813,16651
1813,46195
1813,664341
1813,49026
1813,51828
1813,82695
1813,172385
1813,173205
1813,224335
1813,244783
1813,249169
1813,257211
1813,350
1813,138697
1813,1013650
1813,144244
1813,301959
1813,241259
1813,873936
1813,1036013
1813,1045911
1813,339967
1813,402900
1813,1323678
1813,157336
1813,310524
1813,22774
1813,449562
1813,452832
1813,278427
1813,524303
1813,505225
1813,529107
1813,552178
1813,531219
1813,196241
1813,56822
1813,683578
1813,683579
1813,685234
1813,688081
1813,693617
1813,703363
1813,705088
1813,712201
1813,615952
1813,725409
1813,741228
1813,752476
1813,758679
1813,820783
1813,829707
1813,843527
1813,568604
1813,1077873
1813,1368337
1813,1283515
1813,1401305
1813,1401726
1813,1314481
1813,1500229
87722,876969
87722,24253
87722,889578
87722,33613
87722,35297
87722,15472
87722,883083
87722,51423
87722,70981
87722,75229
87722,77337
87722,58574
87722,86783
87722,102362
87722,109099
87722,155562
87722,154400
87722,138741
87722,181283
87722,229592
87722,1241837
87722,345925
87722,1121202
87722,1292123
87722,392694
87722,400106
87722,291276
87722,406990
87722,437626
87722,460321
87722,515741
87722,77345
87722,615115
87722,760868
87722,760747
87722,788929
87722,540248
87722,853718
87722,813418
87722,1247045
87722,1433548
87722,1439792
87722,126889
87722,1448035
87722,1466457
87722,1088012
87722,1471575
87722,1471612
87722,1476532
87722,1481460
87722,1575788
18182,1620
18182,2266
18182,10764
18182,1083847
18182,23759
18182,1093995
18182,13051
18182,60281
18182,37714
18182,45054
18182,697843
18182,46280
18182,75612
18182,86838
18182,106021
18182,99389
18182,1146344
18182,203739
18182,759175
18182,975902
18182,254904
18182,256917
18182,1015963
18182,1215919
18182,986056
18182,321751
18182,346808
18182,1064375
18182,21382
18182,228817
18182,315880
18182,507244
18182,402897
18182,1313174
18182,297725
18182,1314452
18182,1003598
18182,430682
18182,477489
18182,477018
18182,478820
18182,484638
18182,463272
18182,514277
18182,582913
18182,611914
18182,623958
18182,680071
18182,729684
18182,793723
18182,477102
18182,749456
18182,497698
18182,832386
18182,832820
18182,832807
18182,832819
18182,839950
18182,843633
18182,1266791
18182,1401778
18182,1418467
18182,1481640
70851,243
70851,254
70851,425
70851,1581
70851,2179
70851,502356
70851,279699
70851,1065379
70851,10555
70851,10608
70851,10710
70851,10878
70851,4824
70851,4953
70851,6575
70851,7446
70851,11857
70851,8699
70851,25636
70851,949439
70851,9502
70851,9536
70851,9798
70851,9353
70851,9804
70851,13064
70851,9889
70851,9894
70851,27793
70851,1097870
70851,41120
70851,36131
70851,13998
70851,767166
70851,14887
70851,15854
70851,903976
70851,45188
70851,919072
70851,38745
70851,17821
70851,17610
70851,49444
70851,50393
70851,81003
70851,82864
70851,1133228
70851,73937
70851,92591
70851,1139836
70851,937127
70851,121251
70851,140300
70851,110278
70851,111160
70851,127655
70851,133753
70851,1160303
70851,397646
70851,184500
70851,231165
70851,257445
70851,253292
70851,1192545
70851,1199555
70851,1011985
70851,928344
70851,428876
70851,14923
70851,1024225
70851,950387
70851,308638
70851,225886
70851,68744
70851,315085
70851,1038873
70851,328407
70851,687
70851,1050640
70851,341004
70851,276729
70851,934670
70851,128644
70851,216364
70851,1259973
70851,1262269
70851,65058
70851,9739
70851,1271713
70851,75
70851,290304
70851,32274
70851,3600
70851,381693
70851,353486
70851,843371
70851,413509
70851,419472
70851,1244487
70851,1234731
70851,443009
70851,463821
70851,144680
70851,464655
70851,62934
70851,442062
70851,9566
70851,30528
70851,512200
70851,1584
70851,530964
70851,558910
70851,402838
70851,635972
70851,683614
70851,687782
70851,687788
70851,687777
70851,702942
70851,118254
70851,707054
70851,376528
70851,713500
70851,261906
70851,664996
70851,64328
70851,653707
70851,784886
70851,365177
70851,286488
70851,821464
70851,821480
70851,34681
70851,705899
70851,821379
70851,821430
70851,694527
70851,59090
70851,1156333
70851,1372970
70851,1369167
70851,1377468
70851,786624
70851,132495
70851,337141
70851,1422600
70851,31342
70851,1465217
70851,1472418
70851,1485086
70851,710155
70851,71192
70851,1515139
70851,1528218
70851,1528416
70851,1528422
70851,1226863
70851,1555011
70851,1260649
70851,1578998
3131,5
3131,1360
3131,2057
3131,1428
3131,628
3131,10192
3131,1656
3131,810
3131,809
3131,2259
3131,10550
3131,10054
3131,1911
3131,2469
3131,4043
3131,4203
3131,4351
3131,20761
3131,24235
3131,24241
3131,8047
3131,8068
3131,8219
3131,8818
3131,12279
3131,9488
3131,9262
3131,9280
3131,34036
3131,9342
3131,9800
3131,9691
3131,12763
3131,13394
3131,40082
3131,28308
3131,14979
3131,142168
3131,38031
3131,916719
3131,63311
3131,46029
3131,17402
3131,17606
3131,65671
3131,47701
3131,48466
3131,48781
3131,80141
3131,70435
3131,51256
3131,83201
3131,54271
3131,90148
3131,58508
3131,77221
3131,59877
3131,516729
3131,100041
3131,102401
3131,448825
3131,103332
3131,10174
3131,106747
3131,144789
3131,146381
3131,149459
3131,190070
3131,138103
3131,151316
3131,206806
3131,1168918
3131,1172734
3131,253632
3131,271935
3131,1092329
3131,1097549
3131,1010161
3131,262543
3131,290093
3131,293646
3131,315473
3131,86835
3131,228165
3131,825623
3131,329718
3131,1242980
3131,1045963
3131,34219
3131,178448
3131,1199447
3131,252634
3131,1059345
3131,356092
3131,359439
3131,1275443
3131,327154
3131,1280038
3131,1281206
3131,1281891
3131,335410
3131,833818
3131,417859
3131,297201
3131,421903
3131,430682
3131,76812
3131,445954
3131,446696
3131,448175
3131,204156
3131,417943
3131,460846
3131,112803
3131,197363
3131,463547
3131,463556
3131,463552
3131,463559
3131,463560
3131,475242
3131,480572
3131,497727
3131,448119
3131,519010
3131,517909
3131,23940
3131,522931
3131,606078
3131,668640
3131,335787
3131,726391
3131,260720
3131,775038
3131,56288
3131,788386
3131,315162
3131,846433
3131,335977
3131,986824
3131,804249
3131,81167
3131,1329016
3131,1472091
3131,1499056
3131,1514682
3131,1536163
3131,1542801
3131,267781
3131,421892
3131,1231307
587020,69798
587020,1124620
587020,52520
587020,698128
587020,157350
587020,220882
587020,262504
587020,262500
587020,328901
587020,283591
587020,346672
587020,333663
587020,1242265
587020,38031
587020,139166
587020,458005
587020,476678
587020,509874
587020,475210
587020,606234
587020,716532
587020,666243
587020,1380833
587020,1287116
63312,10094
63312,26223
63312,33427
63312,46660
63312,49021
63312,82687
63312,100241
63312,136405
63312,311667
63312,44049
63312,316086
63312,345923
63312,1073087
63312,366924
63312,431185
63312,346910
63312,470557
63312,500986
63312,515741
63312,588228
63312,709041
63312,1543454
10882,4348
10882,6145
10882,7548
10882,24684
10882,8814
10882,36669
10882,45013
10882,46138
10882,48870
10882,46829
10882,18613
10882,19959
10882,73937
10882,75780
10882,57165
10882,58233
10882,58760
10882,107985
10882,141043
10882,135921
10882,206349
10882,208227
10882,210577
10882,930564
10882,254375
10882,240972
10882,276843
10882,1205656
10882,284747
10882,333381
10882,1045592
10882,339259
10882,347026
10882,1122573
10882,425274
10882,47332
10882,399248
10882,384680
10882,433627
10882,466081
10882,475132
10882,480857
10882,538761
10882,601666
10882,811348
10882,811345
10882,1368881
10882,1132653
10882,1290000
10882,1454209
10882,362544
1115,107
1115,2309
1115,1865
1115,20606
1115,21988
1115,21641
1115,23047
1115,11322
1115,11798
1115,887544
1115,13501
1115,947207
1115,14575
1115,668482
1115,15312
1115,17517
1115,49517
1115,48838
1115,68996
1115,72477
1115,90953
1115,102367
1115,774531
1115,1151155
1115,157974
1115,136278
1115,181577
1115,187868
1115,250535
1115,215781
1115,1013406
1115,11588
1115,277237
1115,41644
1115,9763
1115,166426
1115,896151
1115,356187
1115,357659
1115,35631
1115,84378
1115,1285087
1115,392139
1115,912649
1115,18548
1115,411735
1115,410605
1115,419916
1115,17203
1115,1328171
1115,117222
1115,3131
1115,438259
1115,23750
1115,398174
1115,476622
1115,398978
1115,420915
1115,339259
1115,516486
1115,562576
1115,456740
1115,504608
1115,643847
1115,580489
1115,656968
1115,703341
1115,431792
1115,768378
1115,782085
1115,807196
1115,826796
1115,1230368
1115,875828
1115,1381027
1115,1425784
1115,1248518
1115,1574751
73139,871045
73139,10643
73139,666508
73139,885988
73139,32171
73139,879011
73139,26368
73139,12622
73139,839480
73139,122235
73139,36219
73139,36243
73139,1103120
73139,36683
73139,832716
73139,915472
73139,915705
73139,1108560
73139,44836
73139,986610
73139,46130
73139,46194
73139,17180
73139,67907
73139,74576
73139,84094
73139,938361
73139,85284
73139,105887
73139,86198
73139,34854
73139,101665
73139,98246
73139,106419
73139,122233
73139,507612
73139,951489
73139,954958
73139,1160242
73139,538091
73139,205394
73139,210939
73139,223319
73139,243907
73139,1193953
73139,319298
73139,1205920
73139,155131
73139,1012394
73139,290232
73139,290233
73139,109054
73139,184985
73139,298566
73139,308795
73139,18626
73139,73731
73139,129121
73139,658518
73139,319151
73139,124484
73139,320018
73139,325236
73139,109145
73139,1204972
73139,926416
73139,153723
73139,832718
73139,338286
73139,198431
73139,954623
73139,792668
73139,1056092
73139,357648
73139,360687
73139,359282
73139,317661
73139,1273667
73139,381769
73139,185377
73139,1306337
73139,607435
73139,45070
73139,1307099
73139,411607
73139,129691
73139,413105
73139,1248698
73139,269308
73139,730251
73139,108560
73139,433810
73139,434218
73139,434623
73139,464915
73139,108071
73139,455219
73139,367526
73139,202826
73139,94047
73139,509456
73139,526783
73139,553254
73139,567907
73139,547339
73139,466687
73139,574028
73139,544767
73139,590214
73139,132702
73139,599297
73139,413461
73139,604946
73139,442241
73139,345161
73139,298565
73139,609346
73139,88426
73139,12600
73139,569836
73139,672376
73139,466194
73139,229114
73139,681921
73139,439350
73139,706566
73139,563067
73139,327960
73139,565357
73139,731659
73139,739285
73139,744714
73139,746845
73139,562494
73139,612379
73139,775839
73139,783786
73139,785548
73139,200424
73139,422947
73139,803382
73139,798871
73139,42000
73139,809084
73139,670652
73139,355440
73139,617338
73139,682791
73139,18399
73139,855914
73139,116634
73139,315721
73139,750758
73139,1360625
73139,1402651
73139,1409424
73139,1409429
73139,1409502
73139,1446490
73139,320571
73139,1452951
73139,1462735
73139,206155
73139,1543805
73139,1547424
73139,1296404
73139,1568452
73139,1568565
140,24
140,186
140,393
140,10133
140,2112
140,1574
140,10550
140,1872
140,4644
140,4327
140,1082065
140,20761
140,22100
140,8584
140,25475
140,12242
140,9471
140,9502
140,13179
140,9923
140,14396
140,14711
140,911068
140,44683
140,17198
140,1077782
140,18166
140,49444
140,50473
140,90122
140,74308
140,75258
140,93676
140,86130
140,97430
140,1145586
140,107201
140,200364
140,47232
140,877269
140,18420
140,283332
140,1140535
140,598387
140,175112
140,303047
140,140300
140,269437
140,845781
140,297270
140,25975
140,124606
140,381547
140,381693
140,411135
140,414419
140,44857
140,10354
140,252665
140,464905
140,384677
140,476481
140,530097
140,9390
140,12489
140,8057
140,167738
140,50393
140,626020
140,40196
140,766520
140,792046
140,810397
140,594767
140,631143
140,237723
140,786624
140,1314481
140,1544552
6941,854
6941,54994
6941,492
6941,544
6941,1581
6941,10192
6941,10024
6941,808
6941,809
6941,810
6941,10029
6941,3131
6941,1878
6941,1903
6941,4327
6941,20067
6941,11103
6941,22825
6941,11363
6941,11812
6941,11931
6941,8067
6941,8874
6941,9029
6941,9471
6941,949439
6941,9563
6941,12656
6941,12520
6941,13394
6941,40805
6941,421892
6941,26840
6941,37834
6941,48466
6941,18856
6941,52449
6941,76494
6941,126314
6941,97434
6941,936992
6941,110392
6941,109091
6941,118991
6941,151316
6941,193610
6941,426362
6941,225886
6941,196867
6941,993710
6941,1049471
6941,252634
6941,42348
6941,25975
6941,191502
6941,87842
6941,25523
6941,58508
6941,51256
6941,20009
6941,180
6941,157360
6941,460224
6941,127088
6941,467709
6941,575506
6941,726391
6941,128914
6941,754719
6941,1515392
6941,1572343
64384,877547
64384,10255
64384,671507
64384,989909
64384,66016
64384,51751
64384,83914
64384,1140219
64384,194200
64384,10703
64384,187727
64384,711051
64384,86187
64384,51775
64384,1150326
64384,450838
64384,88380
64384,154732
64384,62651
64384,21621
64384,88141
64384,333962
64384,1185857
64384,1187970
64384,990317
64384,380819
64384,998356
64384,1003771
64384,288299
64384,1046912
64384,187429
64384,449488
64384,44914
64384,261476
64384,46114
64384,104876
64384,312729
64384,401457
64384,58825
64384,1321594
64384,38034
64384,172952
64384,172947
64384,481105
64384,451489
64384,536221
64384,289930
64384,555237
64384,562805
64384,355604
64384,46957
64384,60866
64384,218625
64384,40832
64384,810250
64384,840057
64384,64363
64384,39865
64384,1402221
64384,187432
64384,1431534
64384,75701
64384,1463221
64384,101024
64384,261258
64384,73717
64384,207918
64384,1150342
64384,626705
64384,1109540
64384,1463230
64384,1561257
64384,1565329
1100,106
1100,218
1100,280
1100,296
1100,861
1100,865
1100,415
1100,2099
1100,4249
1100,10999
1100,5227
1100,5228
1100,1082956
1100,6280
1100,8452
1100,9493
1100,9268
1100,9279
1100,9593
1100,9946
1100,9604
1100,9610
1100,9626
1100,9387
1100,9884
1100,29332
1100,36955
1100,1117453
1100,41856
1100,76640
1100,76163
1100,164991
1100,126314
1100,87101
1100,1149207
1100,107846
1100,144336
1100,138103
1100,138179
1100,203381
1100,207021
1100,18520
1100,27578
1100,89866
1100,1207878
1100,287424
1100,1233013
1100,333079
1100,1137888
1100,428045
1100,797845
1100,10204
1100,10808
1100,530841
1100,735363
1100,698217
1100,143894
1100,506075
1100,53943
1100,79183
1100,464819
1100,473793
1100,981744
1100,589158
1100,1108934
1100,249141
1100,5128
1100,166150
1100,11566
1100,474046
1100,340036
1100,99202
1100,55596
1100,401029
1100,508744
1100,457516
1100,76154
1100,1847
1100,1127399
1100,327154
1100,173467
1100,1039896
1100,5205
1100,1103705
1100,178614
1100,163907
1100,23050
1100,79365
1100,446663
1100,1173342
1100,1038305
1100,835797
1100,728123
1100,740422
1100,687613
1100,647518
1100,476070
1100,530334
1100,595845
1100,503718
1100,530343
1100,426222
1100,413945
1100,327593
1100,462486
1100,184703
1100,67619
1100,56761
1100,145308
1100,67701
1100,13636
1100,163331
1100,275389
1100,180659
1100,756071
1100,64972
1100,501425
1100,1242980
1100,1275269
1100,1146302
1100,253089
1100,1275176
1100,49255
1100,390051
1100,833818
1100,1313181
1100,412547
1100,448457
1100,458350
1100,466485
1100,290859
1100,486508
1100,412012
1100,951
1100,447818
1100,463088
1100,367692
1100,620492
1100,647925
1100,669130
1100,397008
1100,65582
1100,13020
1100,10159
1100,636838
1100,165841
1100,1377477
1100,1397115
1100,1412014
1100,1439752
1100,1241241
1100,375192
1100,1557664
1100,1570842
1100,165797
1205,114
1205,1049
1205,1058
1205,1574
1205,2148
1205,1592
1205,2251
1205,10641
1205,2637
1205,2625
1205,2623
1205,3902
1205,2768
1205,2887
1205,10763
1205,4380
1205,4806
1205,4824
1205,4823
1205,5353
1205,11060
1205,20645
1205,6520
1205,21666
1205,24618
1205,8915
1205,9407
1205,26390
1205,26789
1205,9903
1205,28178
1205,14148
1205,42262
1205,42291
1205,14326
1205,42040
1205,60599
1205,272478
1205,37749
1205,16642
1205,1113583
1205,46717
1205,46948
1205,69007
1205,50020
1205,73499
1205,96855
1205,87818
1205,114096
1205,131966
1205,154773
1205,966501
1205,1167351
1205,202984
1205,972230
1205,197412
1205,268238
1205,270789
1205,284294
1205,83864
1205,292481
1205,537745
1205,1222986
1205,949439
1205,328901
1205,42348
1205,75009
1205,117938
1205,369697
1205,396171
1205,401546
1205,31323
1205,833818
1205,418533
1205,464779
1205,621752
1205,636709
1205,399830
1205,705088
1205,554297
1205,737217
1205,77350
1205,1477428
303927,888077
303927,904704
303927,66277
303927,927649
303927,929264
303927,69445
303927,82124
303927,54456
303927,75985
303927,78392
303927,78398
303927,78412
303927,78422
303927,78421
303927,78410
303927,78424
303927,78417
303927,78469
303927,78468
303927,78470
303927,78466
303927,78471
303927,78472
303927,78517
303927,78511
303927,78513
303927,78512
303927,78514
303927,78718
303927,78728
303927,78743
303927,78737
303927,78740
303927,78729
303927,78741
303927,78742
303927,78745
303927,78726
303927,78720
303927,78724
303927,78719
303927,78721
303927,78732
303927,78735
303927,78722
303927,78725
303927,78730
303927,78738
303927,78748
303927,78747
303927,78746
303927,78750
303927,78749
303927,78757
303927,78756
303927,78759
303927,78760
303927,78752
303927,78753
303927,78751
303927,78755
303927,78754
303927,78772
303927,78774
303927,78764
303927,78768
303927,78771
303927,78769
303927,78763
303927,78773
303927,78767
303927,78770
303927,78765
303927,78766
303927,988181
303927,262426
303927,78762
303927,262973
303927,78727
303927,78744
303927,78739
303927,78758
303927,78510
303927,78736
303927,258278
303927,958639
303927,280970
303927,1212917
303927,1011810
303927,322088
303927,304192
303927,359239
303927,360900
303927,361041
303927,361036
303927,361049
303927,361044
303927,361047
303927,1072374
303927,78879
303927,433121
303927,498366
303927,82075
303927,510040
303927,514726
303927,539315
303927,664556
303927,676429
303927,700451
303927,308029
303927,781789
303927,304730
303927,410275
303927,794029
303927,78924
303927,304309
303927,866520
2283,186
2283,513866
2283,871533
2283,594
2283,10187
2283,2185
2283,10210
2283,1771
2283,10609
2283,10660
2283,2613
2283,2639
2283,10729
2283,4147
2283,4380
2283,31016
2283,7303
2283,6071
2283,22314
2283,30814
2283,23333
2283,11467
2283,11802
2283,24202
2283,7980
2283,24239
2283,8359
2283,8067
2283,24803
2283,31692
2283,8944
2283,12900
2283,12647
2283,9341
2283,12661
2283,33695
2283,47898
2283,28134
2283,29787
2283,42297
2283,44535
2283,37735
2283,62934
2283,696157
2283,45662
2283,47278
2283,39286
2283,18203
2283,49806
2283,50839
2283,70160
2283,81005
2283,19326
2283,91314
2283,76285
2283,87496
2283,101299
2283,97434
2283,108316
2283,123505
2283,125709
2283,162903
2283,44999
2283,184530
2283,174341
2283,233146
2283,219831
2283,350
2283,145220
2283,82703
2283,265208
2283,276582
2283,1204430
2283,283227
2283,117604
2283,777443
2283,89027
2283,292069
2283,131631
2283,10199
2283,1221140
2283,314365
2283,295011
2283,131634
2283,96171
2283,1051822
2283,11806
2283,321612
2283,357391
2283,371828
2283,376898
2283,26827
2283,52936
2283,403515
2283,414454
2283,335988
2283,9944
2283,1327364
2283,9903
2283,185699
2283,9928
2283,441282
2283,467936
2283,425148
2283,2075
2283,475132
2283,527261
2283,49788
2283,476669
2283,617502
2283,514231
2283,353414
2283,642208
2283,531219
2283,649394
2283,339355
2283,694898
2283,755697
2283,431806
2283,742854
2283,974576
2283,1402188
2283,1098006
2283,1314481
2283,1491512
2283,657515
2283,1561558
2283,1561726
2283,1567925
2578378,932802
2578378,1134764
2578378,854697
2578378,948635
2578378,948640
2578378,793605
2578378,1190586
2578378,1015955
2578378,1016002
2578378,1016006
2578378,1016012
2578378,1016025
2578378,1016036
2578378,1016037
2578378,1016148
2578378,1016151
2578378,1016152
2578378,1016154
2578378,1017221
2578378,653122
2578378,998217
2578378,1018277
2578378,1230098
2578378,1231821
2578378,718478
2578378,660803
2578378,1240773
2578378,1242606
2578378,1242610
2578378,1241615
2578378,1245176
2578378,1248488
2578378,1275519
2578378,1275522
2578378,1316057
2578378,853066
2578378,686305
2578378,688297
2578378,690544
2578378,698821
2578378,703498
2578378,706518
2578378,714903
2578378,727209
2578378,745905
2578378,1355193
1533,137
1533,1412
1533,695
1533,712
1533,877657
1533,3631
1533,10403
1533,2928
1533,11002
1533,11557
1533,24113
1533,24625
1533,11853
1533,25014
1533,12157
1533,26425
1533,9292
1533,9304
1533,9907
1533,35656
1533,14177
1533,41884
1533,29919
1533,42478
1533,37718
1533,63191
1533,1088096
1533,44202
1533,912916
1533,46625
1533,18435
1533,39433
1533,39446
1533,922270
1533,68817
1533,69035
1533,51121
1533,52856
1533,73351
1533,58446
1533,126314
1533,59728
1533,59860
1533,96314
1533,88818
1533,952875
1533,964978
1533,282970
1533,1097174
1533,10208
1533,1197662
1533,997008
1533,290789
1533,1227816
1533,264999
1533,1072358
1533,1072614
1533,1287361
1533,1290785
1533,1311063
1533,395991
1533,426251
1533,67752
1533,449755
1533,472298
1533,469777
1533,476378
1533,513263
1533,521190
1533,569571
1533,571451
1533,171961
1533,567609
1533,724682
1533,678491
1533,764316
1533,685325
1533,809176
1533,742206
1533,778106
1018945,1142109
1018945,98631
1018945,120852
1018945,121072
1018945,134350
1018945,1145026
1018945,831920
1018945,251981
1018945,982400
1018945,228941
1018945,1191627
1018945,269559
1018945,290227
1018945,204053
1018945,307384
1018945,273096
1018945,106420
1018945,110126
1018945,1033225
1018945,338399
1018945,338406
1018945,287091
1018945,318047
1018945,359492
1018945,375533
1018945,378114
1018945,400885
1018945,400888
1018945,409547
1018945,409550
1018945,447743
1018945,487358
1018945,554814
1018945,565333
1018945,566135
1018945,544281
1018945,567591
1018945,630047
1018945,444488
1018945,612511
1018945,1337985
1018945,1431273
1018945,1562395
1442978,331159
1442978,383056
1442978,611402
1442978,611572
1442978,529443
1442978,463238
59860,26108
59860,9843
59860,34843
59860,40159
59860,40161
59860,41154
59860,14055
59860,15577
59860,37786
59860,916605
59860,70436
59860,54138
59860,89691
59860,897087
59860,174341
59860,210047
59860,177047
59860,977013
59860,1094974
59860,283350
59860,188222
59860,302156
59860,181533
59860,331822
59860,333344
59860,1059345
59860,338768
59860,373314
59860,1299501
59860,34016
59860,300681
59860,424651
59860,353576
59860,476634
59860,484238
59860,583081
59860,525661
59860,638959
59860,484188
59860,1430593
59860,1479857
69718,30175
69718,11522
69718,11388
69718,11411
69718,25132
69718,9713
69718,26574
69718,27464
69718,9595
69718,26156
69718,15898
69718,44772
69718,19900
69718,85328
69718,140846
69718,1155432
69718,159024
69718,291325
69718,294538
69718,999621
69718,208371
69718,1243160
69718,13390
69718,1291635
69718,381948
69718,41733
69718,30910
69718,432283
69718,539617
69718,376153
69718,37146
69718,42775
69718,796102
69718,1162693
69718,717730
69718,1017128
69718,1296844
69718,1533208
87527,21442
87527,37837
87527,49881
87527,128411
87527,269755
87527,68915
87527,53267
87527,203927
87527,183507
87527,272163
87527,426165
87527,546657
87527,632449
87527,65335
87527,817005
2091760,1275089
2091760,357940
2091760,289930
2091760,562233
2091760,1307397
71158,20458
71158,786939
71158,13626
71158,61624
71158,15837
71158,15842
71158,68254
71158,71079
71158,79433
71158,128248
71158,118946
71158,1102036
71158,173768
71158,196986
71158,255174
71158,270668
71158,259037
71158,290336
71158,296641
71158,1062722
71158,1030009
71158,332179
71158,1054150
71158,368298
71158,15956
71158,381630
71158,348675
71158,1315702
71158,1326652
71158,466172
71158,477497
71158,144630
71158,519594
71158,523565
71158,587167
71158,630870
71158,366790
71158,366794
71158,630433
71158,630865
71158,704541
71158,138419
71158,254273
71158,869166
71158,15831
71158,8883
71158,20389
71158,15961
71158,14897
16935,10137
16935,1408
16935,1541
16935,2210
16935,10699
16935,10729
16935,4011
16935,10996
16935,5684
16935,11287
16935,885058
16935,31052
16935,11412
16935,25133
16935,9426
16935,9749
16935,9576
16935,15128
16935,37721
16935,83714
16935,77801
16935,157360
16935,359660
16935,254952
16935,840705
16935,1195527
16935,997955
16935,327962
16935,30178
16935,405806
16935,1313802
16935,426254
16935,471399
16935,541577
16935,539885
16935,601967
16935,520270
16935,596677
16935,359905
16935,1427097
16935,1451105
16935,1559551
16935,277747
56890,185
56890,193
56890,2082
56890,872952
56890,3515
56890,3579
56890,10394
56890,10403
56890,2927
56890,20012
56890,20504
56890,20542
56890,5764
56890,24150
56890,6217
56890,23535
56890,6341
56890,24750
56890,8427
56890,24475
56890,888492
56890,47033
56890,25391
56890,32332
56890,26300
56890,9453
56890,9067
56890,26639
56890,13053
56890,13460
56890,35177
56890,29628
56890,1102905
56890,42464
56890,14600
56890,42704
56890,14794
56890,42979
56890,60490
56890,61012
56890,15056
56890,912171
56890,37735
56890,44594
56890,43956
56890,44630
56890,44028
56890,44283
56890,38560
56890,16604
56890,38866
56890,46342
56890,1095702
56890,17122
56890,46718
56890,39343
56890,48958
56890,49060
56890,48843
56890,925946
56890,51543
56890,1122427
56890,52450
56890,71287
56890,52036
56890,81694
56890,53318
56890,54302
56890,90077
56890,73935
56890,74023
56890,74643
56890,84194
56890,75641
56890,56715
56890,809140
56890,76264
56890,78051
56890,59555
56890,828899
56890,59076
56890,96917
56890,100069
56890,101129
56890,445684
56890,89568
56890,122202
56890,122244
56890,122293
56890,107327
56890,107357
56890,125490
56890,124057
56890,110327
56890,953365
56890,143054
56890,23056
56890,114002
56890,154980
56890,285758
56890,115332
56890,145951
56890,147164
56890,134375
56890,156980
56890,133339
56890,134542
56890,962279
56890,1159939
56890,181056
56890,961397
56890,139455
56890,137984
56890,191094
56890,1158149
56890,167960
56890,185351
56890,185942
56890,188357
56890,221584
56890,317010
56890,214717
56890,222329
56890,1901
56890,216883
56890,223184
56890,224223
56890,1176592
56890,253344
56890,236713
56890,227002
56890,254131
56890,240507
56890,981681
56890,261458
56890,261993
56890,258255
56890,694657
56890,75430
56890,1204430
56890,75078
56890,280586
56890,287415
56890,292688
56890,288424
56890,1215921
56890,405312
56890,211132
56890,135119
56890,278779
56890,208182
56890,126314
56890,316784
56890,182843
56890,1233776
56890,328407
56890,328264
56890,275287
56890,1244156
56890,8986
56890,339549
56890,1051891
56890,1051944
56890,345291
56890,241506
56890,279746
56890,44640
56890,315470
56890,284564
56890,123701
56890,49076
56890,9438
56890,401544
56890,403199
56890,1310009
56890,269025
56890,24747
56890,421506
56890,425124
56890,426361
56890,361974
56890,1330683
56890,431370
56890,315467
56890,432570
56890,432579
56890,405406
56890,422727
56890,302960
56890,436851
56890,349111
56890,448638
56890,450140
56890,451751
56890,452698
56890,81335
56890,471288
56890,477047
56890,18046
56890,515793
56890,516169
56890,516247
56890,533281
56890,30416
56890,548275
56890,525661
56890,548648
56890,82401
56890,579296
56890,333275
56890,42101
56890,640810
56890,650717
56890,657032
56890,688782
56890,688791
56890,695138
56890,714521
56890,722926
56890,720516
56890,726526
56890,767449
56890,654028
56890,793793
56890,2023
56890,806649
56890,761548
56890,160152
56890,852485
56890,869231
56890,1362352
56890,1429255
56890,1432250
56890,1438207
56890,1443516
56890,1449284
56890,1479964
56890,1533573
56890,447373
56890,1393898
56890,1107166
56890,1563758
1088620,48675
1088620,121674
1088620,359305
1088620,254024
1088620,653364
1088620,691183
1088620,731587
1088620,614911
1088620,875828
1817307,311307
1254465,129119
1254465,994751
1254465,338924
1254465,238802
66555,10761
66555,895744
66555,1107427
66555,63160
66555,45164
66555,18505
66555,1122627
66555,1127186
66555,57081
66555,94104
66555,159186
66555,1201771
66555,278377
66555,1202881
66555,1004640
66555,65096
66555,1218717
66555,1035736
66555,329243
66555,296193
66555,347969
66555,1061163
66555,334461
66555,379008
66555,35272
66555,406668
66555,418437
66555,54353
66555,15046
66555,252838
66555,506308
66555,616700
66555,664184
66555,702942
66555,59588
66555,740422
66555,776559
66555,865686
518,75
518,249
518,364
518,510
518,872137
518,587
518,1443
518,2118
518,1850
518,2357
518,10303
518,10090
518,10410
518,10739
518,10896
518,4551
518,10830
518,11050
518,11088
518,6463
518,6280
518,8012
518,31919
518,31659
518,11858
518,11970
518,616747
518,11975
518,11982
518,11896
518,25166
518,12151
518,9493
518,9275
518,9326
518,9969
518,13501
518,28210
518,1100105
518,14034
518,41625
518,14474
518,36691
518,14930
518,43561
518,15936
518,15676
518,15723
518,38749
518,1113686
518,16806
518,46889
518,940551
518,19419
518,461990
518,73723
518,75963
518,59006
518,1029119
518,216736
518,157687
518,135047
518,67619
518,200202
518,208614
518,1156328
518,224743
518,224747
518,253315
518,228088
518,255846
518,25400
518,1197662
518,1198035
518,34130
518,1212210
518,45579
518,1225359
518,315064
518,331372
518,1241815
518,1045644
518,9593
518,348909
518,326094
518,1063920
518,367966
518,269250
518,13477
518,381948
518,917496
518,391743
518,1309288
518,405806
518,404222
518,1318950
518,43939
518,369524
518,433103
518,329996
518,818
518,448011
518,453072
518,83972
518,461994
518,7288
518,187553
518,86535
518,19126
518,53905
518,413446
518,252665
518,462021
518,462023
518,469019
518,446894
518,386122
518,508570
518,125453
518,530577
518,541055
518,512200
518,606870
518,341378
518,662057
518,168699
518,40196
518,321904
518,694253
518,724626
518,607
518,2300
518,818850
518,829707
518,834562
518,519896
518,541703
518,187586
518,986824
518,1363076
518,31883
518,1392170
518,1392182
518,1406348
518,1386908
518,1460687
518,1463435
518,1472034
518,1480771
518,83802
518,1564495
518,392988
518,1260649
86232,20497
86232,13967
86232,800815
86232,346698
86232,188826
86232,1011082
86232,334536
86232,1071817
86232,970849
86232,369557
86232,390056
86232,407559
86232,392044
86232,47068
86232,420245
86232,424264
86232,424268
86232,423994
86232,424121
86232,424694
86232,578837
86232,699210
86232,741228
86232,812635
86232,1380166
86232,1457831
86232,1496248
65220,877692
65220,113449
65220,10432
65220,30664
65220,22590
65220,890233
65220,1104102
65220,506734
65220,911134
65220,43641
65220,16922
65220,49497
65220,69481
65220,120891
65220,122840
65220,150015
65220,142991
65220,1142780
65220,160697
65220,749312
65220,401650
65220,229125
65220,239804
65220,513730
65220,249153
65220,261044
65220,190161
65220,1026941
65220,656411
65220,331146
65220,243352
65220,344123
65220,117168
65220,360603
65220,396392
65220,1087092
65220,415962
65220,423063
65220,430031
65220,444510
65220,445913
65220,474983
65220,452931
65220,32916
65220,499128
65220,134653
65220,535805
65220,550024
65220,586065
65220,612313
65220,626309
65220,637422
65220,640810
65220,681630
65220,746048
65220,757463
65220,770470
65220,26449
65220,799360
65220,126396
65220,1372899
65220,1389234
65220,1464018
65220,1554297
586419,829954
586419,79311
586419,191421
586419,284621
586419,263836
586419,299822
586419,301274
586419,331376
586419,1240542
586419,1317424
586419,372836
586419,413745
586419,449306
586419,502086
586419,626616
586419,455585
586419,89941
586419,736193
586419,838167
586419,1458704
586419,1531919
586419,1566589
1330916,880676
1330916,341443
1330916,281298
1330916,155277
61263,2082
61263,9973
61263,181533
61263,1061474
61263,296099
61263,24833
61263,389427
61263,399896
61263,102382
61263,1930
61263,70587
61263,78047
61263,14749
61263,14059
61263,451925
61263,378356
61263,267428
61263,76489
61263,12193
61263,252684
61263,6575
61263,71139
61263,515402
61263,505600
61263,468225
61263,635885
61263,647265
61263,656690
61263,718032
61263,1400336
61263,1375441
15736,1165
15736,25993
15736,36583
15736,43028
15736,16284
15736,63912
15736,18683
15736,71829
15736,90939
15736,939054
15736,85625
15736,85800
15736,78407
15736,100821
15736,89092
15736,127688
15736,164302
15736,185147
15736,977452
15736,73898
15736,260305
15736,262712
15736,261419
15736,259600
15736,171898
15736,260143
15736,89242
15736,296117
15736,48516
15736,166392
15736,119687
15736,102488
15736,338037
15736,362082
15736,10735
15736,361015
15736,367730
15736,369971
15736,114266
15736,52960
15736,380361
15736,54804
15736,35395
15736,152393
15736,22447
15736,42017
15736,37800
15736,284575
15736,137375
15736,436981
15736,31962
15736,501498
15736,531742
15736,28512
15736,45608
15736,545650
15736,182778
15736,3515
15736,1480720
15736,1526827
18352,10010
18352,1646
18352,10761
18352,4234
18352,4523
18352,21219
18352,11529
18352,31083
18352,6950
18352,1071215
18352,33201
18352,12919
18352,32856
18352,40772
18352,527883
18352,62046
18352,38356
18352,45264
18352,16297
18352,45427
18352,45693
18352,39062
18352,48129
18352,49007
18352,17362
18352,70052
18352,55059
18352,1136264
18352,88448
18352,40929
18352,131903
18352,961462
18352,204004
18352,170279
18352,170391
18352,365620
18352,878054
18352,250396
18352,291537
18352,32332
18352,290712
18352,447061
18352,210926
18352,48124
18352,348573
18352,95610
18352,373745
18352,402318
18352,420034
18352,421394
18352,434946
18352,18502
18352,294331
18352,583266
18352,17187
18352,338958
18352,1384076
18352,1454066
32,13
32,1253
32,10207
32,1662
32,2310
32,2493
32,4475
32,10994
32,4913
32,30141
32,5249
32,5955
32,31069
32,43939
32,11597
32,24525
32,8944
32,9741
32,27526
32,13791
32,41774
32,60308
32,60309
32,14882
32,16022
32,38295
32,16995
32,17979
32,920654
32,65754
32,18923
32,18989
32,503196
32,55139
32,75622
32,126314
32,103601
32,111190
32,152795
32,157849
32,763215
32,200379
32,940139
32,968967
32,237353
32,253412
32,12572
32,297762
32,335984
32,409022
32,141052
32,446663
32,464052
32,2100
32,560351
32,214652
32,598896
32,142168
32,791373
32,742922
32,1403216
32,1430772
4431,308
4431,587
4431,1598
4431,2263
4431,3526
4431,3527
4431,10730
4431,4367
4431,124080
4431,11027
4431,1086037
4431,22473
4431,11780
4431,24356
4431,9576
4431,34053
4431,27137
4431,12524
4431,844417
4431,28313
4431,42087
4431,36288
4431,42045
4431,16229
4431,16700
4431,16858
4431,17941
4431,66588
4431,48259
4431,67809
4431,50043
4431,19851
4431,72570
4431,91217
4431,57834
4431,58254
4431,123610
4431,142645
4431,132353
4431,133021
4431,119617
4431,172226
4431,456033
4431,284536
4431,800513
4431,1294421
4431,406992
4431,31947
4431,479530
4431,492815
4431,655743
4431,340543
4431,473338
4431,1413222
4431,1427108
4431,657515
51998,31867
51998,8065
51998,9923
51998,13804
51998,536725
51998,50198
51998,7191
51998,10641
51998,1022789
51998,37964
51998,971511
51998,50646
51998,249923
51998,462723
51998,38579
51998,510737
51998,23817
51998,46485
51998,19238
51998,644102
76788,10196
76788,923939
76788,74534
76788,94901
76788,198184
76788,1172676
76788,228108
76788,1193824
76788,268238
76788,334543
76788,353326
76788,1259365
76788,416144
76788,438819
76788,500899
76788,508105
76788,520900
76788,560016
76788,12405
76788,559907
76788,1381092
76788,1400287
76788,1472297
76788,1491550
7090,10187
7090,815
7090,2749
7090,9444
7090,9101
7090,35458
7090,28769
7090,357721
7090,666035
7090,13948
7090,14439
7090,36668
7090,60825
7090,14892
7090,15016
7090,63474
7090,65944
7090,67166
7090,19126
7090,436764
7090,19594
7090,70868
7090,56377
7090,279791
7090,1141188
7090,59981
7090,1149397
7090,128630
7090,129060
7090,1160016
7090,138103
7090,167141
7090,170740
7090,521139
7090,38842
7090,91314
7090,1000598
7090,127585
7090,609681
7090,1205143
7090,251994
7090,696490
7090,1034168
7090,719256
7090,1037391
7090,332356
7090,332210
7090,842328
7090,184098
7090,1051822
7090,343829
7090,188222
7090,43270
7090,319067
7090,241506
7090,24034
7090,191257
7090,56715
7090,365451
7090,370693
7090,327154
7090,1285247
7090,381948
7090,389080
7090,325133
7090,399963
7090,401221
7090,402838
7090,409582
7090,427772
7090,435995
7090,334714
7090,443006
7090,374211
7090,863
7090,518452
7090,536728
7090,560192
7090,573308
7090,691820
7090,40196
7090,694919
7090,564784
7090,730840
7090,734442
7090,24626
7090,762469
7090,28665
7090,653024
7090,788740
7090,693730
7090,15400
7090,405806
7090,1358947
7090,789477
7090,1364115
7090,1401778
7090,1274855
7090,1003596
7090,1477728
7090,1518521
7090,1308767
7090,1560719
7090,1576580
1660888,934027
1660888,298618
1660888,986709
1660888,1014590
1660888,1005677
1660888,769633
1660888,769749
1660888,1477076
1660888,1518522
18285,1640
18285,10577
18285,10279
18285,3548
18285,2020
18285,3600
18285,11045
18285,6969
18285,12103
18285,13255
18285,34620
18285,13908
18285,14530
18285,44032
18285,16428
18285,68761
18285,93350
18285,58918
18285,201586
18285,167012
18285,1165096
18285,208296
18285,15745
18285,1208449
18285,85652
18285,79587
18285,35114
18285,245906
18285,1062198
18285,49267
18285,79920
18285,119694
18285,32519
18285,102878
18285,9469
18285,518054
18285,466411
18285,419706
18285,592128
18285,829774
18285,1128684
18285,1519236
18285,1521970
18285,9260
2729190,1026961
2729190,1167366
2729190,1222445
2729190,1279880
2729190,1444376
10727,564
10727,712
10727,10215
10727,1734
10727,1735
10727,20718
10727,32643
10727,9703
10727,40880
10727,1105407
10727,62698
10727,915497
10727,774127
10727,47188
10727,51179
10727,50392
10727,73646
10727,83686
10727,86023
10727,121604
10727,140401
10727,136134
10727,970191
10727,172868
10727,226354
10727,246011
10727,282447
10727,10400
10727,975200
10727,1217928
10727,324256
10727,1239131
10727,334726
10727,679796
10727,350563
10727,137025
10727,1122418
10727,1293974
10727,394135
10727,398854
10727,249358
10727,38296
10727,402370
10727,2442
10727,427281
10727,437848
10727,438280
10727,443055
10727,347111
10727,459957
10727,463325
10727,454619
10727,532293
10727,550476
10727,407803
10727,514782
10727,569571
10727,602497
10727,647781
10727,630850
10727,662009
10727,204495
10727,717694
10727,769401
10727,114279
10727,848486
10727,1355812
10727,963736
10727,1407860
10727,1465378
10727,1429638
202952,96316
202952,50646
202952,312796
202952,323465
202952,102631
202952,535297
202952,1349999
202952,13576
3999,279
3999,244738
3999,1552
3999,3036
3999,10545
3999,10443
3999,8469
3999,8247
3999,12448
3999,38857
3999,49314
3999,71373
3999,52681
3999,73376
3999,1134377
3999,78691
3999,78802
3999,99796
3999,959130
3999,172039
3999,254042
3999,1139087
3999,263035
3999,126314
3999,1262
3999,276299
3999,499555
3999,247010
3999,745713
3999,1443694
3999,1490284
936275,1075206
936275,1064835
936275,363859
936275,416280
936275,402339
936275,436104
936275,944703
936275,1144284
936275,1094448
936275,152044
936275,152042
936275,959960
936275,1171593
936275,913612
936275,221184
936275,495925
936275,1177096
936275,950863
936275,1198159
936275,1211716
936275,249424
936275,955666
936275,1024876
936275,212162
936275,211358
936275,915403
936275,1250784
936275,989730
936275,571570
936275,938567
936275,357416
936275,1056444
936275,269650
936275,378064
936275,372058
936275,929411
936275,418189
936275,1336331
936275,430214
936275,507569
936275,512252
936275,519159
936275,505262
936275,562464
936275,104125
936275,433422
936275,582241
936275,582239
936275,553833
936275,594472
936275,610892
936275,553839
936275,592350
936275,642225
936275,568160
936275,655657
936275,115223
936275,88557
936275,227679
936275,150213
936275,377909
936275,550085
936275,412869
936275,722462
936275,722467
936275,252520
936275,477447
936275,477449
936275,658562
936275,822653
936275,790092
936275,312173
936275,843241
936275,768744
936275,1159311
936275,1455360
936275,1295026
936275,693675
936275,1566920
936275,69585
936275,1576843
4078,288
4078,938
4078,1103
4078,30054
4078,21296
4078,22201
4078,22342
4078,22390
4078,24825
4078,32142
4078,12236
4078,27625
4078,27644
4078,12758
4078,40739
4078,35073
4078,42544
4078,1106195
4078,43250
4078,37350
4078,43417
4078,61564
4078,61594
4078,44697
4078,64368
4078,16662
4078,67305
4078,18695
4078,49397
4078,52916
4078,72032
4078,90094
4078,1129738
4078,90406
4078,83786
4078,56373
4078,85367
4078,94201
4078,86777
4078,77632
4078,95334
4078,79194
4078,87119
4078,79683
4078,89653
4078,99224
4078,104974
4078,109810
4078,120615
4078,142442
4078,153242
4078,155690
4078,154397
4078,138486
4078,138595
4078,138949
4078,200386
4078,194097
4078,169859
4078,168528
4078,208162
4078,208554
4078,176009
4078,210888
4078,211572
4078,178589
4078,230075
4078,232358
4078,235038
4078,252430
4078,237925
4078,256100
4078,11697
4078,1199348
4078,249134
4078,76868
4078,429
4078,43315
4078,1032957
4078,11897
4078,24751
4078,348658
4078,352321
4078,381998
4078,208897
4078,639413
4078,675599
4078,506158
4078,445341
4078,421284
4078,87342
4078,122252
4078,1192645
86836,20944
86836,454092
86836,888262
86836,894105
86836,894113
86836,895736
86836,894454
86836,198442
86836,895970
86836,896046
86836,638315
86836,898550
86836,36129
86836,439686
86836,198778
86836,361706
86836,361697
86836,361703
86836,361719
86836,438928
86836,342662
86836,342663
86836,361696
86836,361690
86836,621943
86836,523668
86836,361707
86836,361701
86836,361716
86836,361704
86836,361711
86836,361689
86836,361691
86836,361717
86836,361693
86836,438456
86836,913279
86836,91134
86836,446390
86836,915406
86836,446388
86836,38359
86836,453854
86836,453918
86836,455245
86836,913187
86836,273957
86836,64379
86836,531968
86836,50183
86836,71361
86836,81360
86836,454226
86836,448691
86836,83524
86836,73924
86836,77294
86836,77762
86836,77759
86836,103083
86836,1145998
86836,418738
86836,142802
86836,246588
86836,472589
86836,454212
86836,602018
86836,558329
86836,445594
86836,73376
86836,213297
86836,245010
86836,609087
86836,256592
86836,43684
86836,208701
86836,63163
86836,31139
86836,27863
86836,65716
86836,27862
86836,454042
86836,290106
86836,306703
86836,306742
86836,75294
86836,897089
86836,182737
86836,233451
86836,244575
86836,1144884
86836,458216
86836,1232674
86836,454085
86836,638068
86836,273953
86836,11546
86836,440561
86836,896807
86836,361695
86836,79216
86836,390495
86836,189192
86836,219784
86836,397906
86836,343176
86836,448021
86836,438682
86836,1306985
86836,438843
86836,448049
86836,1308122
86836,1308152
86836,446389
86836,448601
86836,273990
86836,420397
86836,453564
86836,321096
86836,431289
86836,811324
86836,432272
86836,195065
86836,431886
86836,194148
86836,440285
86836,1342133
86836,461069
86836,306034
86836,306037
86836,306032
86836,248377
86836,306035
86836,306027
86836,343799
86836,402198
86836,59803
86836,471875
86836,472428
86836,472467
86836,472946
86836,121141
86836,65694
86836,338235
86836,144430
86836,536658
86836,292356
86836,532392
86836,534022
86836,221837
86836,295876
86836,149496
86836,79233
86836,540205
86836,540268
86836,429111
86836,421100
86836,431459
86836,285366
86836,554682
86836,409724
86836,578090
86836,219793
86836,90566
86836,90569
86836,90326
86836,90319
86836,295860
86836,219801
86836,454087
86836,469177
86836,143237
86836,500156
86836,198923
86836,75372
86836,389739
86836,91658
86836,446409
86836,441230
86836,611365
86836,613044
86836,621371
86836,620066
86836,625451
86836,450448
86836,636786
86836,430944
86836,314626
86836,109773
86836,138635
86836,694936
86836,352269
86836,642879
86836,144602
86836,56547
86836,834393
86836,838205
86836,457420
86836,846015
86836,84686
86836,248415
86836,453735
86836,441613
86836,453809
86836,433162
86836,913067
86836,440573
86836,1358121
86836,454185
86836,453552
86836,454183
86836,439304
86836,340520
86836,448030
86836,1382502
86836,440283
86836,448596
86836,453832
86836,440569
86836,448403
86836,440310
86836,440286
86836,598506
86836,440287
86836,440300
86836,1391956
86836,440493
86836,440509
86836,440507
86836,448597
86836,90640
86836,475019
86836,453676
86836,440506
86836,453665
86836,1399591
86836,448402
86836,454132
86836,453590
86836,234387
86836,440578
86836,275285
86836,541488
86836,1409770
86836,454205
86836,472073
86836,453819
86836,440284
86836,453828
86836,454075
86836,448190
86836,454181
86836,197776
86836,1428931
86836,150102
86836,1484623
86836,1507374
86836,438402
86836,438388
86836,893599
86836,1519139
86836,570310
86836,1521943
86836,1366376
86836,1366378
86836,1366379
86836,1087492
1381,122
1381,7304
1381,15005
1381,67804
1381,1128941
1381,127742
1381,169594
1381,394137
1381,166076
1381,199122
1381,253272
1381,264680
1381,268092
1381,219606
1381,1255083
1381,108296
1381,47574
1381,54638
1381,47316
1381,63502
1381,54587
1381,543749
1381,553603
1381,71506
1381,10196
1381,783661
1381,423108
1381,517834
1381,1440018
1381,121
1381,1563778
55278,1924
55278,1079441
55278,11411
55278,8536
55278,32619
55278,9531
55278,42816
55278,43821
55278,43605
55278,915123
55278,38707
55278,84295
55278,935973
55278,85236
55278,95554
55278,97001
55278,97829
55278,97993
55278,99674
55278,123392
55278,123452
55278,112721
55278,144788
55278,131765
55278,119678
55278,180687
55278,305144
55278,1161679
55278,164701
55278,200331
55278,188991
55278,176208
55278,177160
55278,157810
55278,221144
55278,217027
55278,233946
55278,216143
55278,216448
55278,236130
55278,229472
55278,242475
55278,228477
55278,248237
55278,249141
55278,257772
55278,147876
55278,265842
55278,166545
55278,190352
55278,166581
55278,995894
55278,142999
55278,215538
55278,285351
55278,88031
55278,292198
55278,162620
55278,291950
55278,1017674
55278,298189
55278,86360
55278,51386
55278,166577
55278,162732
55278,166004
55278,162753
55278,162556
55278,166616
55278,462585
55278,352307
55278,421229
55278,338028
55278,389057
55278,1178443
55278,61649
55278,1312003
55278,443701
55278,205608
55278,457825
55278,458350
55278,137132
55278,94857
55278,241775
55278,525103
55278,215008
55278,24479
55278,541854
55278,190539
55278,578062
55278,596935
55278,162685
55278,624479
55278,673929
55278,146625
55278,725038
55278,725056
55278,724336
55278,756708
55278,763492
55278,763498
55278,771245
55278,288295
55278,816723
55278,854414
55278,1442101
55278,924914
55278,1525125
55278,1525139
55278,1317373
62095,10026
62095,22551
62095,32220
62095,1096872
62095,14878
62095,15664
62095,865382
62095,1140389
62095,102630
62095,149113
62095,177851
62095,128640
62095,46702
62095,31774
62095,402123
62095,337515
62095,404782
62095,463051
62095,2320
62095,54540
62095,611489
62095,540122
62095,762817
62095,113213
62095,69492
62095,1525595
62095,1567878
1732483,251184
1732483,878976
1732483,1082550
1732483,1086893
1732483,1098482
1732483,587217
1732483,963978
1732483,973614
1732483,983725
1732483,1064669
1732483,1192851
1732483,1017441
1732483,916224
1732483,1031220
1732483,290229
1732483,1038085
1732483,961257
1732483,1267097
1732483,1291110
1732483,698862
1732483,461221
1732483,1314274
1732483,1328135
1732483,433124
1732483,442842
1732483,448128
1732483,471431
1732483,417760
1732483,450784
1732483,438948
1732483,487850
1732483,522374
1732483,120852
1732483,630047
1732483,647600
1732483,617397
1732483,735672
1732483,582059
1732483,484900
1732483,751228
1732483,655437
1732483,778368
1732483,584151
1732483,824565
1732483,461352
1732483,335427
1732483,826909
1732483,785544
1732483,1358792
1732483,1464533
1732483,1495175
1732483,1582534
11703,1523
11703,787
11703,1677
11703,3132
11703,1979
11703,20912
11703,879757
11703,22800
11703,8842
11703,9072
11703,12412
11703,9738
11703,9816
11703,13279
11703,13551
11703,13573
11703,14434
11703,37080
11703,903976
11703,44944
11703,48109
11703,48833
11703,68718
11703,72359
11703,72358
11703,91264
11703,173205
11703,1006733
11703,1185973
11703,1245271
11703,1253241
11703,21372
11703,1061699
11703,1277589
11703,63334
11703,788535
11703,1282189
11703,1280339
11703,1281244
11703,34158
11703,348390
11703,812583
11703,10922
11703,306056
11703,452308
11703,260514
11703,37946
11703,464655
11703,86841
11703,524303
11703,602495
11703,622963
11703,626334
11703,611213
11703,694527
11703,757725
11703,759348
11703,41847
11703,769647
11703,788665
11703,788531
11703,788667
11703,779782
11703,135647
11703,1236045
11703,1486628
11703,1491034
11703,1534475
25654,326
25654,10567
25654,31465
25654,321884
25654,26168
25654,9645
25654,28053
25654,42807
25654,15720
25654,44308
25654,411711
25654,18437
25654,18208
25654,701123
25654,936966
25654,77223
25654,121824
25654,521139
25654,245006
25654,255540
25654,21868
25654,307705
25654,14362
25654,77434
25654,1055531
25654,1319707
25654,1319968
25654,418533
25654,440472
25654,335853
25654,593768
25654,676532
25654,713750
25654,142168
25654,840455
86896,20975
86896,753221
86896,896709
86896,71345
86896,75262
86896,59803
86896,106370
86896,142757
86896,352836
86896,408604
86896,202239
86896,454174
86896,163843
86896,194148
86896,195065
86896,195075
86896,195080
86896,195083
86896,454131
86896,570742
86896,131045
86896,152355
86896,248353
86896,306711
86896,1226698
86896,1010345
86896,133008
86896,674375
86896,1265837
86896,369566
86896,1297481
86896,404346
86896,412611
86896,197505
86896,440634
86896,464130
86896,306698
86896,493035
86896,535163
86896,278795
86896,331524
86896,267279
86896,536369
86896,388606
86896,396193
86896,544460
86896,570713
86896,228178
86896,674586
86896,63575
86896,680991
86896,835071
86896,1401062
86896,1437772
86896,1440779
86896,49558
86896,1523899
126286,256395
126286,41365
126286,303437
126286,30807
126286,27837
126286,812225
126286,438058
126286,26662
126286,1045405
126286,87073
126286,21769
126286,62182
126286,14003
126286,187334
126286,44604
126286,550082
126286,483456
126286,626218
126286,684491
126286,34297
126286,451573
126286,23452
126286,20986
126286,312173
126286,1527793
141153,736545
141153,1115168
141153,48828
141153,945087
141153,50892
141153,318541
141153,333713
141153,271791
141153,961268
141153,1018251
141153,70131
141153,1307935
141153,198553
141153,439928
141153,350433
141153,373557
141153,353795
141153,58498
141153,77117
141153,149759
141153,590931
141153,463077
141153,61493
141153,72857
5586,35
5586,2898
5586,9980
5586,877183
5586,15982
5586,11597
5586,1119364
5586,436764
5586,102639
5586,40929
5586,112806
5586,1152619
5586,962659
5586,209695
5586,1198461
5586,1015602
5586,783864
5586,462313
5586,1058732
5586,363056
5586,1406
5586,62838
5586,1321694
5586,27584
5586,13339
5586,163869
5586,86408
5586,455198
5586,464779
5586,489799
5586,496069
5586,502141
5586,268221
5586,18890
5586,605026
5586,39476
5586,680366
5586,698403
5586,713500
5586,54557
5586,251278
5586,9279
5586,82549
5586,279781
5586,846214
5586,1399199
5586,1399914
5586,1421619
5586,1529804
5586,1541864
5586,1554353
1142530,846258
1142530,351373
1142530,947867
1142530,250140
1142530,1178589
1142530,280801
1142530,328263
1142530,420703
1142530,516263
1142530,385566
1142530,694327
1142530,258736
1142530,749813
1142530,11703
1142530,1510342
1142530,1514902
85943,20330
85943,11016
85943,20621
85943,22584
85943,26661
85943,28147
85943,28894
85943,29967
85943,62000
85943,38126
85943,44043
85943,17818
85943,45679
85943,66152
85943,51785
85943,193454
85943,91891
85943,92864
85943,142671
85943,117649
85943,122740
85943,135504
85943,212143
85943,227341
85943,242059
85943,242907
85943,289
85943,10236
85943,51149
85943,238584
85943,26940
85943,30025
85943,21564
85943,168442
85943,354075
85943,388910
85943,14580
85943,43166
85943,160660
85943,258386
85943,343931
85943,34623
85943,255346
85943,31805
85943,27635
85943,33474
85943,33484
85943,675464
85943,114081
85943,118111
85943,111570
43277,6277
43277,32895
43277,34862
43277,45611
43277,39373
43277,19423
43277,86872
43277,218381
43277,227311
43277,294308
43277,288922
43277,353728
43277,161912
43277,72945
43277,288778
43277,1057608
43277,296474
43277,412663
43277,356371
43277,60663
43277,521202
43277,552128
43277,810479
43277,1353829
43277,1368426
43277,49848
1987262,271955
1987262,470125
1987262,1230085
1987262,32345
1987262,499639
1987262,602910
1987262,859555
1274508,723419
1274508,239563
1274508,277547
1274508,245703
1274508,1051896
1274508,1094274
1274508,222936
1274508,382614
1274508,347881
1274508,346364
1274508,463973
1274508,474350
1274508,493066
1274508,474764
1274508,509932
1274508,525732
1274508,546554
1274508,646394
1274508,661286
1274508,661289
1274508,739993
1274508,1351653
1274508,1433511
1274508,1465557
1274508,1526726
1274508,1575440
1352403,927855
1352403,1141202
1352403,280587
1352403,325134
1352403,1056234
1352403,442392
1352403,450720
1352403,497179
1352403,422991
208782,877703
208782,1146910
208782,949594
208782,982459
208782,268993
208782,1019961
208782,1028551
208782,21474
208782,347090
208782,1282948
208782,548193
208782,585216
208782,606625
208782,835112
208782,856156
208782,1360784
208782,1380338
208782,1485002
8986,402
8986,1213
8986,602
8986,1597
8986,10219
8986,2289
8986,10377
8986,2649
8986,10712
8986,10879
8986,20263
8986,4959
8986,22825
8986,6472
8986,6075
8986,8780
8986,9475
8986,26486
8986,9776
8986,12502
8986,27593
8986,35689
8986,13962
8986,14000
8986,286396
8986,15740
8986,15759
8986,64700
8986,65262
8986,39254
8986,378226
8986,19380
8986,71864
8986,541412
8986,100414
8986,140639
8986,124269
8986,230246
8986,1183118
8986,18069
8986,11364
8986,38163
8986,1133643
8986,65572
8986,10552
8986,291613
8986,155503
8986,424704
8986,84340
8986,9302
8986,357391
8986,361837
8986,243306
8986,374998
8986,1292680
8986,1277908
8986,1304697
8986,17795
8986,303886
8986,24115
8986,206820
8986,28881
8986,19200
8986,10324
8986,65056
8986,17711
8986,10534
8986,33512
8986,11692
8986,75889
8986,31676
8986,470032
8986,13923
8986,2007
8986,471193
8986,52311
8986,71148
8986,238382
8986,507791
8986,1519413
8986,122165
1547839,894629
1547839,1184875
1547839,1274804
1547839,980928
1547839,441996
1547839,631232
1547839,691183
110058,61888
110058,44180
110058,46361
110058,66749
110058,65841
110058,927529
110058,55384
110058,55382
110058,89116
110058,110852
110058,130023
110058,166135
110058,193402
110058,1172474
110058,261560
110058,309034
110058,318282
110058,916224
110058,282069
110058,282070
110058,1237109
110058,334991
110058,357646
110058,1136978
110058,371196
110058,386021
110058,391804
110058,393691
110058,124766
110058,429918
110058,113668
110058,545255
110058,545819
110058,589502
110058,708404
110058,835865
110058,1386355
41381,2307
41381,567294
41381,20339
41381,35153
41381,45549
41381,18002
41381,47072
41381,865458
41381,50473
41381,72755
41381,57980
41381,79080
41381,99859
41381,146295
41381,172198
41381,179376
41381,1034065
41381,241306
41381,1022851
41381,264155
41381,63406
41381,19601
41381,21344
41381,350505
41381,385822
41381,1293974
41381,393939
41381,31010
41381,399989
41381,52348
41381,417201
41381,372411
41381,14076
41381,513230
41381,525428
41381,535265
41381,607591
41381,627063
41381,613610
41381,6114
41381,729727
41381,87628
41381,764741
41381,385380
41381,26475
41381,258947
41381,1428223
83436,24585
83436,26928
83436,26954
83436,14742
83436,43257
83436,43745
83436,45627
83436,39457
83436,18682
83436,18406
83436,836153
83436,85198
83436,108356
83436,126487
83436,111975
83436,962250
83436,503711
83436,1213687
83436,327961
83436,29381
83436,85929
83436,282658
83436,306112
83436,41671
83436,366251
83436,400817
83436,170517
83436,415849
83436,41034
83436,479451
83436,191465
83436,611212
83436,461781
83436,5122
83436,488029
83436,83116
83436,89743
83436,762385
83436,32552
83436,252922
83436,26961
83436,847581
83436,58507
83436,884072
1571182,824016
1571182,1159939
1571182,542178
1571182,1211228
1571182,332624
1571182,423
1571182,257
1571182,11439
1571182,499963
1571182,340613
1571182,623226
1571182,680658
2442126,326316
2442126,899294
2442126,1058619
2442126,1195535
2442126,1203695
2442126,1293255
2442126,1176073
2442126,1340915
2442126,593911
2442126,729439
2442126,763368
2442126,643586
2442126,838718
2442126,1361355
2442126,1429226
2442126,1341341
2442126,1471936
2442126,1513319
145245,882598
145245,43930
145245,100241
145245,113091
145245,198210
145245,210908
145245,264567
145245,1214713
145245,1240911
145245,340197
145245,975320
145245,392058
145245,18826
145245,479316
145245,552799
145245,608052
145245,616637
145245,689397
145245,749968
145245,1376992
145245,1406561
2364949,1217281
2364949,616584
2364949,777124
113948,24674
113948,852186
113948,38280
113948,70868
113948,47524
113948,116094
113948,208259
113948,263341
113948,286709
113948,325759
113948,321494
113948,20013
113948,13922
113948,220587
113948,470199
113948,526622
113948,435983
113948,175906
113948,1904
113948,69619
113948,34216
113948,54117
113948,791909
113948,1472320
44205,645019
44205,260171
44205,26623
44205,48843
44205,19150
44205,109438
44205,1149749
44205,222458
44205,223958
44205,148175
44205,98081
44205,41828
44205,1227816
44205,374803
44205,1257235
44205,240869
44205,118523
44205,361050
44205,33
44205,126836
44205,397169
44205,402468
44205,5852
44205,412000
44205,152409
44205,11076
44205,202869
44205,86264
44205,529485
44205,11966
44205,182913
44205,512238
44205,205623
44205,646830
44205,444471
44205,16299
17578,1559
17578,875797
17578,3426
17578,10732
17578,4279
17578,22183
17578,11604
17578,24185
17578,8073
17578,32088
17578,61711
17578,61659
17578,62981
17578,63155
17578,66953
17578,49116
17578,48328
17578,19345
17578,50215
17578,533403
17578,80476
17578,52091
17578,54464
17578,72898
17578,101644
17578,533875
17578,99419
17578,121926
17578,124306
17578,111791
17578,134205
17578,965314
17578,162807
17578,966003
17578,196947
17578,214109
17578,251350
17578,217602
17578,981704
17578,245567
17578,270229
17578,271256
17578,278105
17578,263097
17578,330294
17578,562336
17578,346535
17578,263169
17578,441279
17578,360650
17578,392744
17578,389915
17578,434643
17578,440165
17578,438320
17578,441567
17578,451679
17578,64386
17578,462250
17578,94828
17578,465195
17578,469394
17578,497045
17578,27146
17578,356206
17578,263813
17578,438342
17578,565569
17578,499
17578,12422
17578,563843
17578,533683
17578,534102
17578,564345
17578,963046
2033111,795276
2033111,821661
2033111,201334
2033111,661681
2033111,1017163
2033111,532444
2033111,556509
2033111,544627
2033111,586342
2033111,572164
2033111,575602
2033111,602296
2033111,630211
2033111,744867
3639444,1075523
3639444,1075536
3639444,1007430
3639444,1041888
3639444,1137843
3639444,1005281
3639444,1029445
3639444,1037830
3639444,1392501
3639444,1400232
3639444,1447917
25004,2440
25004,4689
25004,11297
25004,22536
25004,23609
25004,14968
25004,43987
25004,49213
25004,57753
25004,85959
25004,118144
25004,73659
25004,1001459
25004,96954
25004,310574
25004,320150
25004,333167
25004,194872
25004,57482
25004,79553
25004,4550
25004,349210
25004,414829
25004,437109
25004,462385
25004,468260
25004,195807
25004,224709
25004,63017
25004,511883
25004,547302
25004,124157
25004,52663
25004,567646
25004,349513
25004,571787
25004,626129
25004,639271
25004,572197
127394,1075022
127394,1083254
127394,41972
127394,1063020
127394,73990
127394,86520
127394,975733
127394,240262
127394,839484
127394,994659
127394,211341
127394,29764
127394,982468
127394,1015576
127394,47331
127394,1023720
127394,108561
127394,208469
127394,145766
127394,42143
127394,357230
127394,380909
127394,277392
127394,390637
127394,428231
127394,451777
127394,452998
127394,110762
127394,476012
127394,530322
127394,539704
127394,547151
127394,549920
127394,569179
127394,577723
127394,604684
127394,305735
127394,636021
127394,636094
127394,536966
127394,127453
127394,104268
127394,326577
127394,545297
127394,831337
127394,850478
127394,1241320
127394,654050
127394,1551052
127394,1558678
127394,1575907
1889622,1151262
1889622,1167898
1889622,1236197
1889622,1326059
1889622,1337636
1889622,476265
1889622,388406
1889622,1494231
